{"train": {"loss": 1.331182811409235, "accuracy": 0.5630585898709036, "precision": 0.5640268873271723, "recall": 0.5630585898709036, "f1": 0.5452786477455143}, "val": {"loss": 1.2510143177849906, "accuracy": 0.5648148148148148, "precision": 0.6117538160129654, "recall": 0.5648148148148148, "f1": 0.5338486715190671}, "_timestamp": 1721124474.103724, "_runtime": 2032.2008419036865, "_step": 5, "test": {"loss": 1.214802554675511, "accuracy": 0.5944700460829493, "precision": 0.6293701996927803, "recall": 0.5944700460829493, "f1": 0.5680844548511322, "confusion_matrix": {"_type": "image-file", "sha256": "7a53ea5e8cbef9d53fd4dedce0b1008c3dabe84ed61b419495621b7a415e8d08", "size": 55195, "path": "media/images/confusion_matrix_5_7a53ea5e8cbef9d53fd4.png", "format": "png", "width": 1000, "height": 800}, "embeddings": {"_type": "image-file", "sha256": "29d311886c308e49c4848127dfb41bee218582c26d283657003edb80932379fb", "size": 70905, "path": "media/images/embeddings_5_29d311886c308e49c484.png", "format": "png", "width": 1000, "height": 800}}, "_wandb": {"runtime": 2031}}