{"train": {"loss": 1.881229154765606, "accuracy": 0.26216484607745777, "precision": 0.2464331151508216, "recall": 0.26216484607745777, "f1": 0.22634798796039918}, "val": {"loss": 1.8417353630065918, "accuracy": 0.27314814814814814, "precision": 0.1742331239293093, "recall": 0.27314814814814814, "f1": 0.17852232128920006}, "_timestamp": 1721139953.588164, "_runtime": 3554.4995260238647, "_step": 5, "test": {"loss": 1.8554835617542267, "accuracy": 0.2764976958525346, "precision": 0.25418936138058384, "recall": 0.2764976958525346, "f1": 0.20233972828171798, "confusion_matrix": {"_type": "image-file", "sha256": "62c2bc500c963cdf3a028da27d9c43c5076d97aac4b805116c387722fd253b62", "size": 58785, "path": "media/images/confusion_matrix_5_62c2bc500c963cdf3a02.png", "format": "png", "width": 1000, "height": 800}, "embeddings": {"_type": "image-file", "sha256": "e3dfa9215ba6ebd603c52fbd151b05b6d04a85ef87d8fe7d9b5ef81f4eca6792", "size": 72210, "path": "media/images/embeddings_5_e3dfa9215ba6ebd603c5.png", "format": "png", "width": 1000, "height": 800}}, "_wandb": {"runtime": 3554}}