{"train": {"loss": 1.6495565846562386, "accuracy": 0.41509433962264153, "precision": 0.4019305339232906, "recall": 0.41509433962264153, "f1": 0.39754192073300765}, "val": {"loss": 1.5206589996814728, "accuracy": 0.5046296296296297, "precision": 0.5247777015496929, "recall": 0.5046296296296297, "f1": 0.4606527637973009}, "_timestamp": 1721134885.82047, "_runtime": 2521.278220176697, "_step": 5, "test": {"loss": 1.4888998568058014, "accuracy": 0.5253456221198156, "precision": 0.5105886952313538, "recall": 0.5253456221198156, "f1": 0.49049977322786364, "confusion_matrix": {"_type": "image-file", "sha256": "ad8c9f96fac16106ff803379ee6ffe729338653502a9bcb63173d4e202c7e7e3", "size": 55717, "path": "media/images/confusion_matrix_5_ad8c9f96fac16106ff80.png", "format": "png", "width": 1000, "height": 800}, "embeddings": {"_type": "image-file", "sha256": "62c975ac3de4c5e608abfe1a08c5fdd67b8f4d546c5de2088f497c69bea49304", "size": 71853, "path": "media/images/embeddings_5_62c975ac3de4c5e608ab.png", "format": "png", "width": 1000, "height": 800}}, "_wandb": {"runtime": 2521}}