{"train": {"loss": 1.8667585626244545, "accuracy": 0.26514399205561073, "precision": 0.25803919613159854, "recall": 0.26514399205561073, "f1": 0.2211309391772055}, "val": {"loss": 1.8296380043029785, "accuracy": 0.2824074074074074, "precision": 0.29481361957607494, "recall": 0.2824074074074074, "f1": 0.20223326587872895}, "_timestamp": 1721125689.775645, "_runtime": 2791.95361995697, "_step": 5, "test": {"loss": 1.8415183424949646, "accuracy": 0.2903225806451613, "precision": 0.31307070186653435, "recall": 0.2903225806451613, "f1": 0.22411554146147894, "confusion_matrix": {"_type": "image-file", "sha256": "033d4c1e459219c856ade4acbe2b16bbf0752bd73946ccb51f6f58762d1c86e0", "size": 60248, "path": "media/images/confusion_matrix_5_033d4c1e459219c856ad.png", "format": "png", "width": 1000, "height": 800}, "embeddings": {"_type": "image-file", "sha256": "837ff31d77d7d2bcf3d2b534bd187d166d0e4a4739021c9b49b888801d7df53d", "size": 70175, "path": "media/images/embeddings_5_837ff31d77d7d2bcf3d2.png", "format": "png", "width": 1000, "height": 800}}, "_wandb": {"runtime": 2791}}