{"train": {"loss": 1.8026142716407776, "accuracy": 0.2730883813306852, "precision": 0.2360089316540968, "recall": 0.2730883813306852, "f1": 0.23012692615283012}, "val": {"loss": 1.715329647064209, "accuracy": 0.3472222222222222, "precision": 0.4054934458612682, "recall": 0.3472222222222222, "f1": 0.2692515644513549}, "_timestamp": 1721150713.312438, "_runtime": 10748.906889915466, "_step": 5, "test": {"loss": 1.7235980204173498, "accuracy": 0.3870967741935484, "precision": 0.39355523414753807, "recall": 0.3870967741935484, "f1": 0.3244494228746066, "confusion_matrix": {"_type": "image-file", "sha256": "889e5ee9318cb70aeea8458db431a18a4f90cd51a34c284223fcc9ae3ba2ca4a", "size": 59764, "path": "media/images/confusion_matrix_5_889e5ee9318cb70aeea8.png", "format": "png", "width": 1000, "height": 800}, "embeddings": {"_type": "image-file", "sha256": "afc0c151f61303aa2c788e4416adae07093c022d4249c94eef812036f2af6640", "size": 71581, "path": "media/images/embeddings_5_afc0c151f61303aa2c78.png", "format": "png", "width": 1000, "height": 800}}, "_wandb": {"runtime": 10748}}