{"train": {"loss": 1.8363968580961227, "accuracy": 0.27209533267130087, "precision": 0.25442419650592923, "recall": 0.27209533267130087, "f1": 0.23180522099311598}, "val": {"loss": 1.8073035776615143, "accuracy": 0.2824074074074074, "precision": 0.2875797143093755, "recall": 0.2824074074074074, "f1": 0.1941538454577709}, "_timestamp": 1721138585.6401532, "_runtime": 3682.076008081436, "_step": 5, "test": {"loss": 1.8115390539169312, "accuracy": 0.3317972350230415, "precision": 0.4971800588252572, "recall": 0.3317972350230415, "f1": 0.2742568853063297, "confusion_matrix": {"_type": "image-file", "sha256": "bba587a8dd256475868b50203b2fc5453867e0bfed6bc20e02ff9e598411f9af", "size": 59022, "path": "media/images/confusion_matrix_5_bba587a8dd256475868b.png", "format": "png", "width": 1000, "height": 800}, "embeddings": {"_type": "image-file", "sha256": "44273cc878ad3ef634c3f03e9f615825657fe7fc510471043beafe0f3421fc3c", "size": 70635, "path": "media/images/embeddings_5_44273cc878ad3ef634c3.png", "format": "png", "width": 1000, "height": 800}}, "_wandb": {"runtime": 3681}}