{"train": {"loss": 1.5394316352903843, "accuracy": 0.4558093346573982, "precision": 0.4447055944232411, "recall": 0.4558093346573982, "f1": 0.43564871014860707}, "val": {"loss": 1.4117134639195033, "accuracy": 0.5092592592592593, "precision": 0.4585742402437552, "recall": 0.5092592592592593, "f1": 0.4455999704090982}, "_timestamp": 1721128529.4015648, "_runtime": 2828.8763778209686, "_step": 5, "test": {"loss": 1.3838440861020769, "accuracy": 0.5207373271889401, "precision": 0.49539041821128293, "recall": 0.5207373271889401, "f1": 0.4874704690231161, "confusion_matrix": {"_type": "image-file", "sha256": "5223fe380f24b5a77a5f0e1d4db840ea9bde49b33e637cc021f974548ed338df", "size": 59599, "path": "media/images/confusion_matrix_5_5223fe380f24b5a77a5f.png", "format": "png", "width": 1000, "height": 800}, "embeddings": {"_type": "image-file", "sha256": "bfb5b3cd2fd8fbad43c6b55d4edd0d8d475c35b09dc5c0e42cb0698427bf918c", "size": 73420, "path": "media/images/embeddings_5_bfb5b3cd2fd8fbad43c6.png", "format": "png", "width": 1000, "height": 800}}, "_wandb": {"runtime": 2828}}