{"train": {"loss": 1.7751244567334652, "accuracy": 0.282025819265144, "precision": 0.25632015351179027, "recall": 0.282025819265144, "f1": 0.23702708741995956}, "val": {"loss": 1.6751559632165092, "accuracy": 0.3425925925925926, "precision": 0.3016742606953976, "recall": 0.3425925925925926, "f1": 0.27951651523163823}, "_timestamp": 1721132356.699216, "_runtime": 2400.8175818920135, "_step": 5, "test": {"loss": 1.6847379548209054, "accuracy": 0.391705069124424, "precision": 0.3476260298840944, "recall": 0.391705069124424, "f1": 0.3469053155817741, "confusion_matrix": {"_type": "image-file", "sha256": "c232246af8251569572f509997b6465d1fdeca48389592056a38ef4f655aa146", "size": 61170, "path": "media/images/confusion_matrix_5_c232246af8251569572f.png", "format": "png", "width": 1000, "height": 800}, "embeddings": {"_type": "image-file", "sha256": "1f9485fe801699a6bf884bd5b8cea50f56d6447b7837b30009b17d8ad656b5a2", "size": 71467, "path": "media/images/embeddings_5_1f9485fe801699a6bf88.png", "format": "png", "width": 1000, "height": 800}}, "_wandb": {"runtime": 2400}}