{"train": {"loss": 1.7809020541608334, "accuracy": 0.35948361469712015, "precision": 0.3579426214537547, "recall": 0.35948361469712015, "f1": 0.3504496156258568}, "val": {"loss": 1.6788137129374914, "accuracy": 0.4675925925925926, "precision": 0.5083266363797974, "recall": 0.4675925925925926, "f1": 0.4363175456693628}, "_timestamp": 1721187508.739603, "_runtime": 443.1747679710388, "_step": 2, "_wandb": {"runtime": 572}}