{"train": {"loss": 1.7746796309947968, "accuracy": 0.34955312810327704, "precision": 0.33279519424293047, "recall": 0.34955312810327704, "f1": 0.33265533766366795}, "val": {"loss": 1.6022169249398368, "accuracy": 0.4537037037037037, "precision": 0.41675247591914255, "recall": 0.4537037037037037, "f1": 0.3963518490335712}, "_timestamp": 1721133390.703458, "_runtime": 2433.891653060913, "_step": 5, "test": {"loss": 1.5825152397155762, "accuracy": 0.4976958525345622, "precision": 0.4570739975634303, "recall": 0.4976958525345622, "f1": 0.453166892587971, "confusion_matrix": {"_type": "image-file", "sha256": "c50d8c9149c03d2a51afa4eab07ce753885d619bb13efbe36c30aaaba3db2322", "size": 56355, "path": "media/images/confusion_matrix_5_c50d8c9149c03d2a51af.png", "format": "png", "width": 1000, "height": 800}, "embeddings": {"_type": "image-file", "sha256": "06b4a5ef24a097a113ebc34dce7f52165136a25cd97958e6f8f51cfc7b6ca335", "size": 72463, "path": "media/images/embeddings_5_06b4a5ef24a097a113eb.png", "format": "png", "width": 1000, "height": 800}}, "_wandb": {"runtime": 2433}}